Id,,Name,,Date,,Time
1,,Kartik,,30-03-2026,,13:04:26
2,,Arpit,,30-03-2026,,13:07:28
2,,Arpit,,30-03-2026,,16:13:00
121,,chckiong,,30-03-2026,,16:15:31
121,,chckiong,,30-03-2026,,16:15:47
121,,chckiong,,30-03-2026,,16:23:02
121,,chckiong,,30-03-2026,,16:23:20
11,,Sadie Sink,,30-03-2026,,16:23:55
11,,Sadie Sink,,30-03-2026,,16:24:45
11,,Sadie Sink,,30-03-2026,,16:25:41
121,,chckiong,,30-03-2026,,16:26:43
121,,chckiong,,30-03-2026,,16:27:00
55,,Arpit,,30-03-2026,,16:39:43
69,,Johnny,,30-03-2026,,16:45:03
